{
    "MEDIC":
    {
        "number":0,
        "hp":120,
        "distance":160.0,
        "angle":124.0,
        "radius":0.5,
        "move":1.8,
        "skill":0.5
    },
    "SIGNALMAN":
    {
        "number":1,
        "hp":100,
        "distance":160.0,
        "angle":124.0,
        "radius":0.45,
        "move":1.6,
        "skill":2.0
    },
    "HACK":
    {
        "number":2,
        "hp":90,
        "distance":160.0,
        "angle":124.0,
        "radius":0.43,
        "move":1.2,
        "skill":1.0
    },
    "SNIPER":
    {
        "number":3,
        "hp":80,
        "distance":200.0,
        "angle":115.0,
        "radius":0.4,
        "move":1.0,
        "skill":1.5
    }
}