{
    "0":
    {
        "items":1000,
        "delay":200,
        "wait":200,
        "move":200,
        "damage":0.5,
        "shrink":0.75
    },
    "1":
    {
        "items":500,
        "delay":0,
        "wait":200,
        "move":180,
        "damage":0.75,
        "shrink":0.6
    },
    "2":
    {
        "items":250,
        "delay":0,
        "wait":200,
        "move":160,
        "damage":1.0,
        "shrink":0.5
    },
    "3":
    {
        "items":125,
        "delay":0,
        "wait":200,
        "move":140,
        "damage":1.25,
        "shrink":0.5
    },
    "4":
    {
        "items":50,
        "delay":0,
        "wait":200,
        "move":120,
        "damage":1.5,
        "shrink":0.5
    },
    "5":
    {
        "items":50,
        "delay":0,
        "wait":200,
        "move":100,
        "damage":2.0,
        "shrink":0.5
    },
    "6":
    {
        "items":50,
        "delay":0,
        "wait":200,
        "move":80,
        "damage":3.0,
        "shrink":0.5
    },
    "7":
    {
        "items":50,
        "delay":0,
        "wait":200,
        "move":60,
        "damage":5.0,
        "shrink":0.5
    },
    "8":
    {
        "items":50,
        "delay":0,
        "wait":200,
        "move":40,
        "damage":10.0,
        "shrink":0.0
    }
}